target_id,actor_id,target_type,baseline_year,target_year,target_value,target_unit,URL,summary,datasource_id
IGES_NDC:unconditional:AL,AL,Relative emission reduction,2030,2030,20,percent,https://unfccc.int/sites/default/files/2022-08/Albania%20Revised%20NDC.pdf,"Albania is committed to reduce its GHG emissions from its projected BAU baseline by the year 2030. Therefore, the target is expressed as a mitigation effort of -20.9% total GHG emissions reduction in 2030 compared to business-as-usual scenario for this year.",IGES:NDC_db:10.57405/iges-5005
IGES_NDC:unconditional:DZ,DZ,Relative emission reduction,2030,2030,7,percent,https://unfccc.int/sites/default/files/NDC/2022-06/Alg%C3%A9rie%20-INDC-%2003%20septembre%202015.pdf,"A greenhouse gas emission reduction of 7% to 22% by 2030 compared to business as usual (BAU) levels, conditional on external assistance for the financing of the development and transfer of technologies and capacity building. A 7% GHG reduction will be achieved with domestic means.",IGES:NDC_db:10.57405/iges-5005
IGES_NDC:unconditional:AD,AD,Relative emission reduction,2030,2030,37,percent,https://unfccc.int/sites/default/files/NDC/2022-06/20200514-%20Actualitzaci%C3%B3%20NDC.pdf,"[Translated] The commitment presented in this update reinforces the actions to achieve the objective defined in the first NDC* in the medium term, by 2030, and further pursues carbon neutrality by 2050 in the long term.
*37% reduction from BAU level by 2030",IGES:NDC_db:10.57405/iges-5005
IGES_NDC:unconditional:AO,AO,Relative emission reduction,2030,2025,14,percent,https://unfccc.int/sites/default/files/NDC/2022-06/NDC%20Angola.pdf,"In this NDC update, Angola sets the target of achieving those 15% of emission reduction by 2025, unconditionally. In addition, it is expected that through a conditional mitigation scenario the country could reduce an additional 10% below BAU emission levels by 2025.",IGES:NDC_db:10.57405/iges-5005
IGES_NDC:unconditional:AG,AG,Policies and actions,2030,2030,86,action,https://unfccc.int/sites/default/files/NDC/2022-06/ATG%20-%20UNFCCC%20NDC%20-%202021-09-02%20-%20Final.pdf,"・86% renewable energy generation in the electricity sector by 2030
・100% all new vehicle sales to be electric vehicles by 2030",IGES:NDC_db:10.57405/iges-5005
IGES_NDC:unconditional:AR,AR,Absolute emission reduction,2030,2030,349,MtCO2e,https://unfccc.int/sites/default/files/NDC/2022-05/Actualizacio%CC%81n%20meta%20de%20emisiones%202030.pdf,Argentina’s updated goal is to not exceed the net emission of 349 million tons of carbon dioxide equivalent (MtCO2e) in 2030.,IGES:NDC_db:10.57405/iges-5005
IGES_NDC:unconditional:AM,AM,Absolute emission reduction,1990,2030,40,percent,https://unfccc.int/sites/default/files/NDC/2022-06/NDC%20of%20Republic%20of%20Armenia%20%202021-2030.pdf,40 per cent reduction from 1990 emission levels by 2030,IGES:NDC_db:10.57405/iges-5005
IGES_NDC:unconditional:AU,AU,Absolute emission reduction,2005,2030,43,percent,https://unfccc.int/sites/default/files/NDC/2022-06/Australias%20NDC%20June%202022%20Update%20%283%29.pdf,"・Multi-year budjet target: Australia’s 2030 target is a 43% reduction
below 2005 levels by 2030, implemented as an emissions budget (reference indicator) covering the period 2021-2030. The indicative value of the emissions budget is 4381 million tonnes CO2-e, corresponding to the 43% target.
・Single year target: Australia’s 2030 target is a 43% reduction below 2005 levels (reference indicator) by 2030, implemented as a single-year
point target.
・Net zero emissions by 2050",IGES:NDC_db:10.57405/iges-5005
IGES_NDC:unconditional:AZ,AZ,Absolute emission reduction,1990,2030,35,percent,https://unfccc.int/sites/default/files/NDC/2022-06/INDC%20Azerbaijan.pdf,By 2030 the Republic of Azerbaijan targets 35% reduction in the level of greenhouse gas emissions compared to 1990/base year as its contribution to the global climate change efforts.,IGES:NDC_db:10.57405/iges-5005
IGES_NDC:unconditional:BS,BS,Relative emission reduction,2030,2030,30,percent,https://unfccc.int/sites/default/files/NDC/2022-06/Bahamas_COP-22%20UNFCCC.pdf,The Bahamas intends to achieve these mitigation actions through an economy-wide in GHG emission of 30% when compared to its Business as Usual (BAU) scenario by 2030.,IGES:NDC_db:10.57405/iges-5005
IGES_NDC:unconditional:BD,BD,Relative emission reduction,2030,2030,6,percent,https://unfccc.int/sites/default/files/NDC/2022-06/NDC_submission_20210826revised.pdf,"In the unconditional scenario, GHG emissions would be reduced by 27.56 Mt CO2e (6.73%) below BAU in 2030 in the respective sectors. 26.3 Mt CO2e (95.4%) of this emission reduction will be from the Energy sector while 0.64 (2.3%) and 0.6 (2.2%) Mt CO2e reduction will be from AFOLU (agriculture) and waste sector respectively. There will be no reduction in the IPPU sector.",IGES:NDC_db:10.57405/iges-5005
IGES_NDC:unconditional:BB,BB,Absolute emission reduction,2008,2030,35,percent,https://unfccc.int/sites/default/files/NDC/2022-06/2021%20Barbados%20NDC%20update%20-%2021%20July%202021.pdf,"Barbados adopts the following ambitious contributions for 2025 and 2030:
2025
・ 20% reduction relative to business-as-usual emissions in 2025 without international support (unconditional).
・ 35% reduction relative to the business-as-usual emissions in 2025 conditional upon international support.
2030
・ 35% reduction relative to business-as-usual emissions in 2030 without international support (unconditional).
・ 70% reduction relative to business-as-usual emissions in 2030 conditional upon international support.",IGES:NDC_db:10.57405/iges-5005
IGES_NDC:unconditional:BY,BY,Absolute emission reduction,1990,2030,35,percent,https://unfccc.int/sites/default/files/NDC/2022-06/Belarus_NDC_Russian.pdf,"The year 1990 is the base year for determining the target for reducing greenhouse gas emissions until 2030. The level of greenhouse gas emissions in 1990 was 137.8 million tonnes of CO2-eq. exclusive of the LULUCF sector, and 117.2 million tonnes of CO2-eq. inclusive of the LULUCF sector. The type of commitment is the absolute reduction of greenhouse gas emissions until 2030 as compared to the base year emissions, inclusive of the LULUCF sector.
The unconditional target is to reduce greenhouse gas emissions by at least 35 per cent.
The conditional target is to reduce greenhouse gas emissions by at least 40 per cent.",IGES:NDC_db:10.57405/iges-5005
IGES_NDC:unconditional:BZ,BZ,Relative emission reduction,2030,2030,5,MtCO2e,https://unfccc.int/sites/default/files/NDC/2022-06/Belize%20Updated%20NDC.pdf,"The mitigation actions included in the updated NDC are estimated to result in over 5.6 MTCO2e in cumulative avoided emissions by 2030, and a reduction of 1.0 MTCO2e in annual emissions by 2030 (not including additional deforestation targets)",IGES:NDC_db:10.57405/iges-5005
IGES_NDC:unconditional:BJ,BJ,Relative emission reduction,2030,2030,20,percent,https://unfccc.int/sites/default/files/NDC/2022-06/CDN_ACTUALISEE_BENIN2021.pdf,"[Translated] For the coming years, the measures envisaged in the revised NDC, in the energy, agriculture and waste sectors, are likely to contribute to reducing cumulative GHG emissions (excluding LULUCF) by about 48.75 Mt CO2e compared to the baseline scenario, i.e. a reduction of about 20.15% over the period 2021-2030.",IGES:NDC_db:10.57405/iges-5005
IGES_NDC:unconditional:BA,BA,Absolute emission reduction,2014,2030,12,percent,https://unfccc.int/sites/default/files/NDC/2022-06/NDC%20BiH_November%202020%20FINAL%20DRAFT%2005%20Nov%20ENG%20LR.pdf,"The unconditional GHG emissions reduction target for 2030 is 12.8% compared to 2014 or 33.2% compared to 1990. The conditional target (with more intensive international assistance for the decarbonisation of mining areas) for 2030 is 17.5% compared to 2014 or 36.8% compared to 1990. GHG emissions reduction target for 2050 is 50.0% (unconditional) and 55.0% (conditional) compared to 2014, that is, 61.7% (unconditional) and 65.6% (conditional) compared to modelling 1990. In the case of conditional target, more intensive international assistance is expected for faster decarbonisation of the power sector with an emphasis on fair transition of mining areas. Not all of these targets include GHG sinks. In the forestry sector, measures are planned to increase the sinks by 93 GgCO2eq until 2030.",IGES:NDC_db:10.57405/iges-5005
IGES_NDC:unconditional:BW,BW,Absolute emission reduction,2010,2030,15,percent,https://unfccc.int/sites/default/files/NDC/2022-06/BOTSWANA.pdf,"The country intends to achieve an overall emissions reduction of 15% by 2030, taking 2010 as the base year.",IGES:NDC_db:10.57405/iges-5005
IGES_NDC:unconditional:BR,BR,Absolute emission reduction,2005,2030,50,percent,https://unfccc.int/sites/default/files/NDC/2022-06/Updated%20-%20First%20NDC%20-%20%20FINAL%20-%20PDF.pdf,"Brazil confirms its commitment to reduce its greenhouse gas emissions in 2025 by 37%, compared with 2005. Additionally, Brazil commits to reduce its emissions in 2030 by 50%, compared with 2005. Brazil´s commitments also include a long-term objective to achieve climate neutrality by 2050. Brazil’s updated NDC is broad in scope and includes a consideration of means of implementation and the implementation of mitigation and adaptation actions in all economic sectors.",IGES:NDC_db:10.57405/iges-5005
IGES_NDC:unconditional:BN,BN,Relative emission reduction,2030,2030,20,percent,https://unfccc.int/sites/default/files/NDC/2022-06/Brunei%20Darussalam%27s%20NDC%202020.pdf,Brunei Darussalam is committed to a reduction in GHG emissions by 20% relative to Business-As-Usual levels by 2030.,IGES:NDC_db:10.57405/iges-5005
IGES_NDC:unconditional:BF,BF,Relative emission reduction,2030,2030,19,percent,https://unfccc.int/sites/default/files/NDC/2022-06/Rapport%20CDN_BKFA.pdf,"[translated]
The country commits, in relation to its mitigation actions, to reduce its GHG emissions by 31682.3 Gg CO2eq by 2030, i.e. 29.42% compared to the Business As Usual scenario. This commitment is 21074.94 Gg CO2eq for the unconditional scenario or 19.60% and 10557.91 Gg CO2eq for the conditional scenario or 9.82%.",IGES:NDC_db:10.57405/iges-5005
IGES_NDC:unconditional:BI,BI,Relative emission reduction,2030,2030,3,percent,https://unfccc.int/sites/default/files/NDC/2022-06/CDN%20%20%20Burundi%20ANNEXE%201.pdf,"[translated]
Target values for the baseline indicator (relative reduction of GHG emissions compared to BAU) :
Unconditional scenario - 2025: 1.58%
Unconditional scenario - 2030: 3.04%
Conditional scenario - 2025: 11.40%
Conditional scenario - 2030: 12.61%.",IGES:NDC_db:10.57405/iges-5005
IGES_NDC:unconditional:CV,CV,Relative emission reduction,2030,2030,18,percent,https://unfccc.int/sites/default/files/NDC/2022-06/Cabo%20Verde_NDC%20Update%202021.pdf,At least 18% below BAU by 2030 and 24% below BAU in a conditional scenario (single-year target).,IGES:NDC_db:10.57405/iges-5005
IGES_NDC:unconditional:KH,KH,Relative emission reduction,2030,2030,41,percent,https://unfccc.int/sites/default/files/NDC/2022-06/20201231_NDC_Update_Cambodia.pdf,The estimated emissions reduction with the FOLU by 2030 under the NDC scenario will be approximately 64.6 million tCO2e/year (41.7% reduction of which 59.1% is from the FOLU).,IGES:NDC_db:10.57405/iges-5005
IGES_NDC:unconditional:CM,CM,Absolute emission reduction,2010,2030,12,percent,https://unfccc.int/sites/default/files/NDC/2022-06/CDN%20r%C3%A9vis%C3%A9e%20CMR%20finale%20sept%202021.pdf,"[Translated] The level of GHG reduction by 2030 is 35% distributed as follows:
- 23% in a conditional scenario
- 12% unconditional",IGES:NDC_db:10.57405/iges-5005
IGES_NDC:unconditional:CA,CA,Absolute emission reduction,2005,2030,40,percent,https://unfccc.int/sites/default/files/NDC/2022-06/Canada%27s%20Enhanced%20NDC%20Submission1_FINAL%20EN.pdf,"Reduce economy-wide, GHG emissions in 2030 by at least 40-45% below the base year’s emissions. Based on Canada’s best accounting of its 2005 emissions contained in its 2021NIR, this is equivalent to a target of 406.5-443.4 Mt CO2e.",IGES:NDC_db:10.57405/iges-5005
IGES_NDC:unconditional:CF,CF,Relative emission reduction,2030,2030,10,percent,https://unfccc.int/sites/default/files/NDC/2022-06/CDN%20Revis%C3%A9e%20RCA.pdf,"[Translated] 
CAR's vision for mitigation is to promote low-carbon development by reducing emissions by 10% to 25% (unconditional and conditional scenario) compared to the trend scenario by 2030. It is broken down into several objectives: (i) the development of renewable energy resources and energy saving; (ii) the promotion of agroecology; (iv) the sustainable exploitation of natural resources; and (v) the improvement of the living environment.",IGES:NDC_db:10.57405/iges-5005
IGES_NDC:unconditional:TD,TD,Absolute emission reduction,2018,2030,0,percent,https://unfccc.int/sites/default/files/NDC/2022-06/CDN%20ACTUALISEE%20DU%20TCHAD.pdf,"[Translated] An unconditional reduction target of 0.5% in 2030 compared to a reference scenario (- 389 kt CO2eq reduction). This target is increased to a total of 19.3% under the scenario (-16,372 kt CO2eq reduction) with international support.",IGES:NDC_db:10.57405/iges-5005
IGES_NDC:unconditional:CL,CL,Peak of carbon emissions,2030,2030,95,MtCO2e,https://unfccc.int/sites/default/files/NDC/2022-06/Chile%27s_NDC_2020_english.pdf,"Chile commits to a GHG emission budget not exceeding 1,100
MtCO2eq between 2020 and 2030, with a GHG emissions maximum
(peak) by 2025, and a GHG emissions level of 95 MtCO2eq by 2030.",IGES:NDC_db:10.57405/iges-5005
IGES_NDC:unconditional:CN,CN,Carbon intensity reduction,2005,2030,65,percent,https://unfccc.int/sites/default/files/NDC/2022-06/%E4%B8%AD%E5%9B%BD%E8%90%BD%E5%AE%9E%E5%9B%BD%E5%AE%B6%E8%87%AA%E4%B8%BB%E8%B4%A1%E7%8C%AE%E6%88%90%E6%95%88%E5%92%8C%E6%96%B0%E7%9B%AE%E6%A0%87%E6%96%B0%E4%B8%BE%E6%8E%AA.pdf,"・ To have CO2 emissions peak before 2030 and achieve carbon neutrality before 2060; 
・ To lower CO2 emissions per unit of GDP by over 65% from the 2005 level, 
・ To increase the share of non-fossil fuels in primary energy consumption to around 25%
・ To increase the forest stock volume by 6 billion cubic meters from the 2005 level, and
・ To bring its total installed capacity of wind and solar power to over 1.2 billion kilowatts by 2030.",IGES:NDC_db:10.57405/iges-5005
IGES_NDC:unconditional:CO,CO,Absolute emission reduction,2030,2030,51,percent,https://unfccc.int/sites/default/files/NDC/2022-06/NDC%20actualizada%20de%20Colombia.pdf,"・Emit a maximum of 169.44 million t CO2 eq in 2030 (equivalent to a 51% reduction in emissions compared to the projected emissions in 2030 in the reference scenario), initiating a decrease in emissions between 2027 and 2030 tending towards carbon neutrality in the middle of the century.
・Establish carbon budgets for the period 2020-2030 no later than 2023.
・Reduce black carbon emissions by 40% compared to 2014 level",IGES:NDC_db:10.57405/iges-5005
IGES_NDC:unconditional:KM,KM,Absolute emission reduction,2030,2030,23,percent,https://unfccc.int/sites/default/files/NDC/2022-06/CDN_r%C3%A9vis%C3%A9e_Comores_vf.pdf,"[Translated] 
・ an increase of the net sink by 47%; and
・ a 23% reduction in its greenhouse gas emissions in 2030, excluding LULUCF, compared to emissions in the baseline scenario",IGES:NDC_db:10.57405/iges-5005
IGES_NDC:unconditional:CG,CG,Absolute emission reduction,2017,2030,21,percent,https://unfccc.int/sites/default/files/NDC/2022-06/CDN_Congo.pdf,"[Translated] The level of emission reductions will be:
➢ 39.88% in the conditional scenario and 17.09% in the unconditional scenario in 2025 ;
➢ 32.19% in the conditional scenario and 21.46% in the unconditional scenario in 2030.",IGES:NDC_db:10.57405/iges-5005
IGES_NDC:unconditional:CK,CK,Policies and actions,2006,2020,100,action,https://unfccc.int/sites/default/files/NDC/2022-06/Cook%20Islands%20INDCsFINAL7Nov.pdf,"The Cook Islands is committed to a future powered by renewable energy with targets of 50% of islands transformed from diesel based to renewable sourced electricity by 2015, to 100% coverage by 2020. Using 2006 as the base year, emission from electricity generation will be reduced by 38% by 2020.",IGES:NDC_db:10.57405/iges-5005
IGES_NDC:unconditional:CR,CR,Absolute emission reduction,2030,2030,9,MtCO2e,https://unfccc.int/sites/default/files/NDC/2022-06/Contribucio%CC%81n%20Nacionalmente%20Determinada%20de%20Costa%20Rica%202020%20-%20Versio%CC%81n%20Completa.pdf,"[translated]
・Costa Rica is committed to an absolute maximum net emissions as of 2030 of 9.11 million tons of dioxide carbon equivalent (CO2e) including all gases and all sectors covered by the National Greenhouse gas Inventory report. This goal is consistent with the trajectory of the Plan National Decarbonization Strategy, Long Term presented by Costa Rica in 2019 and seeking net zero emissions in 2050 and is consistent with the trajectory of 1.5C.
・Costa Rica is committed to a maximum budget of net emissions in the period 2021 to 2030 of 106.53 million tons of carbon dioxide equivalent (CO2e) including all gases and all sectors covered by the National Greenhouse Gas Inventory.",IGES:NDC_db:10.57405/iges-5005
IGES_NDC:unconditional:CI,CI,Relative emission reduction,2030,2030,30,percent,https://unfccc.int/sites/default/files/NDC/2022-06/CDN_CIV_2022.pdf,[Translated] The objective is an economy-wide percentage reduction of total national GHG emissions in 2030 compared to a baseline scenario. The target is a 98.95% reduction of GHG emissions in 2030 compared to a baseline scenario. The unconditional target is a 30.41% reduction of total national GHG emissions in 2030 compared to a baseline scenario. The conditional target is a 68.54% reduction of total national GHG emissions in 2030 compared to a baseline scenario.,IGES:NDC_db:10.57405/iges-5005
IGES_NDC:unconditional:CU,CU,Policies and actions,2030,2030,24,action,https://unfccc.int/sites/default/files/NDC/2022-06/Cuban%20First%20NDC%20%28Updated%20submission%29.pdf,"1. Increase to 24% of electricity generation based on Renewable Energy Sources (RES) in the Cuban electricity matrix by 2030. 
2. Increase of energy efficiency and saving 
3. Less carbon intensive ground transportation 
4. Increase of forest coverage in the country to 33% by 2030 
5. Reduction of greenhouse effect gases emissions in the swine industry in Cuba",IGES:NDC_db:10.57405/iges-5005
IGES_NDC:unconditional:KP,KP,Relative emission reduction,2030,2030,16,percent,https://unfccc.int/sites/default/files/NDC/2022-06/2019.09.19_DPRK%20letter%20to%20SG%20special%20envoy%20for%20NDC.pdf,"the DPRK Government plans to reduce 35,800,000 tons of GHG per year by 2030 by raising the rate of total emision to 16.4% on its own compared to the plannted 8% of the NDC submitted in 2016.
the GHG reduction rate will increase by 36}% through international cooperation compared to 32% in the NDC submitted in 2016 and the total GHG reduction ceiling will be over 52%.",IGES:NDC_db:10.57405/iges-5005
IGES_NDC:unconditional:CD,CD,Absolute emission reduction,2030,2030,2,percent,https://unfccc.int/sites/default/files/NDC/2022-06/CDN%20Revis%C3%A9e%20de%20la%20RDC.pdf,[Translated] the DRC commits to a combined unconditional and conditional contribution of 21% reduction of total GHG emissions compared to BAU in 2030 (19% conditional and 2% unconditional) equivalent to an estimated mitigation level up to 650 Mt CO2e by 2030.,IGES:NDC_db:10.57405/iges-5005
IGES_NDC:unconditional:DJ,DJ,Absolute emission reduction,2000,2030,40,percent,https://unfccc.int/sites/default/files/NDC/2022-06/CPDN%20Djibouti_9%20-%20CPDN%20-%20Format%20pour%20soumission%20CCNUCC.pdf,"By means of unconditional measures, the Republic of Djibouti is committed to preventing 1.8 Mt CO2e of future GHG emissions, thus reducing its emissions by 40% compared to the business-as-usual
scenario. The implementation of conditional measures would enable a further reduction in CO2e emissions by 0.9 Mt, or 20% of GHG emissions compared to the business-as-usual scenario for 2030. In this way, the conditional mitigation scenario would enable the Republic of Djibouti to maintain its volume of emissions at a level equivalent to that of 2010.",IGES:NDC_db:10.57405/iges-5005
IGES_NDC:unconditional:DM,DM,Absolute emission reduction,2014,2030,45,percent,https://unfccc.int/sites/default/files/2022-07/The%20Commonwealth%20of%20Dominica%20updated%20NDC%20July%204%20%2C.pdf,"Overall Emissions Reduction Targets
▪ 39% by 2025
▪ 45% by 2030;
Sectoral Emissions Reduction Targets
▪ Energy Industries: 98.6%
▪ Agriculture: 50%
▪ Solid Waste: 78.6%
▪ Industrial Processes: 8.8%
▪ Transport: 20%
▪ Shipping: 100%
▪ Commercial/Institutional, Residential and Fishing: 8.1% 
Other Targets
▪ 100% renewable energy by 2030 (principally from geothermal resources)
▪ 200Gg+ annual export of geothermal resources to Martinique and Guadeloupe from 2027
▪ ~648Gg forest carbon sequestration 2020-2025, ~621Gg 2025-2030 through REDD+ Strategy
▪ 50% increase in agroforestry farmers
▪ 10% HFC emissions reduction by 2030",IGES:NDC_db:10.57405/iges-5005
IGES_NDC:unconditional:DO,DO,Relative emission reduction,2030,2030,7,percent,https://unfccc.int/sites/default/files/NDC/2022-06/Dominican%20Republic%20First%20NDC%20%28Updated%20Submission%29.pdf,"The country proposes a New Ambition in the NDC-RD 2020: Reduction of 27% of GHG emissions with respect to BAU 2030 with the following objectives, 20% conditioned on external finances and 7% unconditional on domestic finances (5% the private sector and 2% public sector).",IGES:NDC_db:10.57405/iges-5005
IGES_NDC:unconditional:EC,EC,Absolute emission reduction,2010,2025,9,percent,https://unfccc.int/sites/default/files/NDC/2022-06/Primera%20NDC%20Ecuador.pdf,"[Translated] [I]n compliance with the provisions of the Paris Agreement and as a result of the intersectoral participatory process, with multiple actors at different levels of the formulation of the NDC, the courses of action that have been identified and that contribute to the mitigation of climate change in the Energy, Agriculture, Industrial Processes and Waste sectors, the result is an estimated GHG emission reduction potential that corresponds to 9% compared to the reference scenario for 2025. Likewise, a reduction of GHG emissions of 20.9% is identified for the same period, subject to the support of international cooperation to implement the courses of action established in this conditional scenario. 
With respect to the LULUCF sector and the courses of action established based on national efforts, a potential for reducing GHG emissions has been identified as 4% compared to the reference level in 2025. However, in the case of having the support of international cooperation to develop the courses of action of the conditional scenario of this sector, there would be an additional mitigation potential of 16%, that is, a total reduction in GHG emissions of 20% compared to the reference level for the year 2025.",IGES:NDC_db:10.57405/iges-5005
IGES_NDC:unconditional:EG,EG,Relative emission reduction,2030,2030,33,percent,https://unfccc.int/sites/default/files/NDC/2022-07/Egypt%20Updated%20NDC.pdf.pdf,"・Electricity sector: 33% reduction by 2030
・Oil & Gas sector: 65% reduction by 2030
・Transport: 7%
Policies and measures for the following
sectors:
•Industry
•Buildings and Urban Cities
•Tourism
•Waste Management
Agriculture and Land Use",IGES:NDC_db:10.57405/iges-5005
IGES_NDC:unconditional:GQ,GQ,Absolute emission reduction,2010,2030,20,percent,https://unfccc.int/sites/default/files/NDC/2022-06/Rep%C3%BAblica%20de%20Guinea%20Ecuatorial_INDC.pdf,"[Translated] Equatorial Guinea's ambition is to reduce emissions by 20% by 2030 relative to 2010 levels, in order to achieve a 50% reduction by 2050.",IGES:NDC_db:10.57405/iges-5005
IGES_NDC:unconditional:ER,ER,Relative emission reduction,2010,2030,12,percent,https://unfccc.int/sites/default/files/NDC/2022-06/NRC%20Eritrea.pdf,"The government of Eritrea is committed to reduce the CO2 emissions from fossil fuels by 4.2% in 2020, 6.2% by 2025 and 12.0% by 2030 compared to the projected BAU of the reference year of 2010. If additional support is availed, it can further be reduced by 12.6% in 2020, 24.9% by 2025 and 38.5 by the year 2030.",IGES:NDC_db:10.57405/iges-5005
IGES_NDC:unconditional:SZ,SZ,Relative emission reduction,2030,2030,5,percent,https://unfccc.int/sites/default/files/NDC/2022-06/Eswatini%27s%20Revised%20NDC%2012%20Oct%202021.docx,The enhanced and more ambitious NDC of Eswatini represents a progression beyond the 2015 NDC by adopting an economy wide GHG emissions reduction target of 5% by 2030 compared to the baseline scenario  and help achieve a low carbon and climate resilient development. This economy wide emission reduction can increase to 14% with external financing and this translates to 1.04 million tonnes fewer GHG emissions in 2030 compared to a baseline scenario.,IGES:NDC_db:10.57405/iges-5005
IGES_NDC:unconditional:ET,ET,Relative emission reduction,2030,2030,14,percent,https://unfccc.int/sites/default/files/NDC/2022-06/Ethiopia%27s%20updated%20NDC%20JULY%202021%20Submission_.pdf,The combined mitigation target (unconditional and conditional elements) corresponds to a reduction of 68.8% comared to the BAU projection by 2030. The unconditional component foresees emission reductions of 14% and the conditional component contributes to approximately 54.8% compared to the BAU projection by 2030,IGES:NDC_db:10.57405/iges-5005
IGES_NDC:unconditional:AT,AT,Absolute emission reduction,1990,2030,55,percent,https://unfccc.int/sites/default/files/NDC/2022-06/EU_NDC_Submission_December%202020.pdf,"The EU and its Member States, acting jointly, are committed to a binding target of a net domestic reduction of at least 55% in greenhouse gas emissions by 2030 compared to 1990.",IGES:NDC_db:10.57405/iges-5005
IGES_NDC:unconditional:BE,BE,Absolute emission reduction,1990,2030,55,percent,https://unfccc.int/sites/default/files/NDC/2022-06/EU_NDC_Submission_December%202020.pdf,"The EU and its Member States, acting jointly, are committed to a binding target of a net domestic reduction of at least 55% in greenhouse gas emissions by 2030 compared to 1990.",IGES:NDC_db:10.57405/iges-5005
IGES_NDC:unconditional:BG,BG,Absolute emission reduction,1990,2030,55,percent,https://unfccc.int/sites/default/files/NDC/2022-06/EU_NDC_Submission_December%202020.pdf,"The EU and its Member States, acting jointly, are committed to a binding target of a net domestic reduction of at least 55% in greenhouse gas emissions by 2030 compared to 1990.",IGES:NDC_db:10.57405/iges-5005
IGES_NDC:unconditional:HR,HR,Absolute emission reduction,1990,2030,55,percent,https://unfccc.int/sites/default/files/NDC/2022-06/EU_NDC_Submission_December%202020.pdf,"The EU and its Member States, acting jointly, are committed to a binding target of a net domestic reduction of at least 55% in greenhouse gas emissions by 2030 compared to 1990.",IGES:NDC_db:10.57405/iges-5005
IGES_NDC:unconditional:CY,CY,Absolute emission reduction,1990,2030,55,percent,https://unfccc.int/sites/default/files/NDC/2022-06/EU_NDC_Submission_December%202020.pdf,"The EU and its Member States, acting jointly, are committed to a binding target of a net domestic reduction of at least 55% in greenhouse gas emissions by 2030 compared to 1990.",IGES:NDC_db:10.57405/iges-5005
IGES_NDC:unconditional:CZ,CZ,Absolute emission reduction,1990,2030,55,percent,https://unfccc.int/sites/default/files/NDC/2022-06/EU_NDC_Submission_December%202020.pdf,"The EU and its Member States, acting jointly, are committed to a binding target of a net domestic reduction of at least 55% in greenhouse gas emissions by 2030 compared to 1990.",IGES:NDC_db:10.57405/iges-5005
IGES_NDC:unconditional:DK,DK,Absolute emission reduction,1990,2030,55,percent,https://unfccc.int/sites/default/files/NDC/2022-06/EU_NDC_Submission_December%202020.pdf,"The EU and its Member States, acting jointly, are committed to a binding target of a net domestic reduction of at least 55% in greenhouse gas emissions by 2030 compared to 1990.",IGES:NDC_db:10.57405/iges-5005
IGES_NDC:unconditional:EE,EE,Absolute emission reduction,1990,2030,55,percent,https://unfccc.int/sites/default/files/NDC/2022-06/EU_NDC_Submission_December%202020.pdf,"The EU and its Member States, acting jointly, are committed to a binding target of a net domestic reduction of at least 55% in greenhouse gas emissions by 2030 compared to 1990.",IGES:NDC_db:10.57405/iges-5005
IGES_NDC:unconditional:FI,FI,Absolute emission reduction,1990,2030,55,percent,https://unfccc.int/sites/default/files/NDC/2022-06/EU_NDC_Submission_December%202020.pdf,"The EU and its Member States, acting jointly, are committed to a binding target of a net domestic reduction of at least 55% in greenhouse gas emissions by 2030 compared to 1990.",IGES:NDC_db:10.57405/iges-5005
IGES_NDC:unconditional:FR,FR,Absolute emission reduction,1990,2030,55,percent,https://unfccc.int/sites/default/files/NDC/2022-06/EU_NDC_Submission_December%202020.pdf,"The EU and its Member States, acting jointly, are committed to a binding target of a net domestic reduction of at least 55% in greenhouse gas emissions by 2030 compared to 1990.",IGES:NDC_db:10.57405/iges-5005
IGES_NDC:unconditional:DE,DE,Absolute emission reduction,1990,2030,55,percent,https://unfccc.int/sites/default/files/NDC/2022-06/EU_NDC_Submission_December%202020.pdf,"The EU and its Member States, acting jointly, are committed to a binding target of a net domestic reduction of at least 55% in greenhouse gas emissions by 2030 compared to 1990.",IGES:NDC_db:10.57405/iges-5005
IGES_NDC:unconditional:GR,GR,Absolute emission reduction,1990,2030,55,percent,https://unfccc.int/sites/default/files/NDC/2022-06/EU_NDC_Submission_December%202020.pdf,"The EU and its Member States, acting jointly, are committed to a binding target of a net domestic reduction of at least 55% in greenhouse gas emissions by 2030 compared to 1990.",IGES:NDC_db:10.57405/iges-5005
IGES_NDC:unconditional:HU,HU,Absolute emission reduction,1990,2030,55,percent,https://unfccc.int/sites/default/files/NDC/2022-06/EU_NDC_Submission_December%202020.pdf,"The EU and its Member States, acting jointly, are committed to a binding target of a net domestic reduction of at least 55% in greenhouse gas emissions by 2030 compared to 1990.",IGES:NDC_db:10.57405/iges-5005
IGES_NDC:unconditional:IE,IE,Absolute emission reduction,1990,2030,55,percent,https://unfccc.int/sites/default/files/NDC/2022-06/EU_NDC_Submission_December%202020.pdf,"The EU and its Member States, acting jointly, are committed to a binding target of a net domestic reduction of at least 55% in greenhouse gas emissions by 2030 compared to 1990.",IGES:NDC_db:10.57405/iges-5005
IGES_NDC:unconditional:IT,IT,Absolute emission reduction,1990,2030,55,percent,https://unfccc.int/sites/default/files/NDC/2022-06/EU_NDC_Submission_December%202020.pdf,"The EU and its Member States, acting jointly, are committed to a binding target of a net domestic reduction of at least 55% in greenhouse gas emissions by 2030 compared to 1990.",IGES:NDC_db:10.57405/iges-5005
IGES_NDC:unconditional:LV,LV,Absolute emission reduction,1990,2030,55,percent,https://unfccc.int/sites/default/files/NDC/2022-06/EU_NDC_Submission_December%202020.pdf,"The EU and its Member States, acting jointly, are committed to a binding target of a net domestic reduction of at least 55% in greenhouse gas emissions by 2030 compared to 1990.",IGES:NDC_db:10.57405/iges-5005
IGES_NDC:unconditional:LT,LT,Absolute emission reduction,1990,2030,55,percent,https://unfccc.int/sites/default/files/NDC/2022-06/EU_NDC_Submission_December%202020.pdf,"The EU and its Member States, acting jointly, are committed to a binding target of a net domestic reduction of at least 55% in greenhouse gas emissions by 2030 compared to 1990.",IGES:NDC_db:10.57405/iges-5005
IGES_NDC:unconditional:LU,LU,Absolute emission reduction,1990,2030,55,percent,https://unfccc.int/sites/default/files/NDC/2022-06/EU_NDC_Submission_December%202020.pdf,"The EU and its Member States, acting jointly, are committed to a binding target of a net domestic reduction of at least 55% in greenhouse gas emissions by 2030 compared to 1990.",IGES:NDC_db:10.57405/iges-5005
IGES_NDC:unconditional:MT,MT,Absolute emission reduction,1990,2030,55,percent,https://unfccc.int/sites/default/files/NDC/2022-06/EU_NDC_Submission_December%202020.pdf,"The EU and its Member States, acting jointly, are committed to a binding target of a net domestic reduction of at least 55% in greenhouse gas emissions by 2030 compared to 1990.",IGES:NDC_db:10.57405/iges-5005
IGES_NDC:unconditional:NL,NL,Absolute emission reduction,1990,2030,55,percent,https://unfccc.int/sites/default/files/NDC/2022-06/EU_NDC_Submission_December%202020.pdf,"The EU and its Member States, acting jointly, are committed to a binding target of a net domestic reduction of at least 55% in greenhouse gas emissions by 2030 compared to 1990.",IGES:NDC_db:10.57405/iges-5005
IGES_NDC:unconditional:PL,PL,Absolute emission reduction,1990,2030,55,percent,https://unfccc.int/sites/default/files/NDC/2022-06/EU_NDC_Submission_December%202020.pdf,"The EU and its Member States, acting jointly, are committed to a binding target of a net domestic reduction of at least 55% in greenhouse gas emissions by 2030 compared to 1990.",IGES:NDC_db:10.57405/iges-5005
IGES_NDC:unconditional:PT,PT,Absolute emission reduction,1990,2030,55,percent,https://unfccc.int/sites/default/files/NDC/2022-06/EU_NDC_Submission_December%202020.pdf,"The EU and its Member States, acting jointly, are committed to a binding target of a net domestic reduction of at least 55% in greenhouse gas emissions by 2030 compared to 1990.",IGES:NDC_db:10.57405/iges-5005
IGES_NDC:unconditional:RO,RO,Absolute emission reduction,1990,2030,55,percent,https://unfccc.int/sites/default/files/NDC/2022-06/EU_NDC_Submission_December%202020.pdf,"The EU and its Member States, acting jointly, are committed to a binding target of a net domestic reduction of at least 55% in greenhouse gas emissions by 2030 compared to 1990.",IGES:NDC_db:10.57405/iges-5005
IGES_NDC:unconditional:SK,SK,Absolute emission reduction,1990,2030,55,percent,https://unfccc.int/sites/default/files/NDC/2022-06/EU_NDC_Submission_December%202020.pdf,"The EU and its Member States, acting jointly, are committed to a binding target of a net domestic reduction of at least 55% in greenhouse gas emissions by 2030 compared to 1990.",IGES:NDC_db:10.57405/iges-5005
IGES_NDC:unconditional:SI,SI,Absolute emission reduction,1990,2030,55,percent,https://unfccc.int/sites/default/files/NDC/2022-06/EU_NDC_Submission_December%202020.pdf,"The EU and its Member States, acting jointly, are committed to a binding target of a net domestic reduction of at least 55% in greenhouse gas emissions by 2030 compared to 1990.",IGES:NDC_db:10.57405/iges-5005
IGES_NDC:unconditional:ES,ES,Absolute emission reduction,1990,2030,55,percent,https://unfccc.int/sites/default/files/NDC/2022-06/EU_NDC_Submission_December%202020.pdf,"The EU and its Member States, acting jointly, are committed to a binding target of a net domestic reduction of at least 55% in greenhouse gas emissions by 2030 compared to 1990.",IGES:NDC_db:10.57405/iges-5005
IGES_NDC:unconditional:SE,SE,Absolute emission reduction,1990,2030,55,percent,https://unfccc.int/sites/default/files/NDC/2022-06/EU_NDC_Submission_December%202020.pdf,"The EU and its Member States, acting jointly, are committed to a binding target of a net domestic reduction of at least 55% in greenhouse gas emissions by 2030 compared to 1990.",IGES:NDC_db:10.57405/iges-5005
IGES_NDC:unconditional:FJ,FJ,Relative emission reduction,2030,2030,30,percent,https://unfccc.int/sites/default/files/NDC/2022-06/Republic%20of%20Fiji%27s%20Updated%20NDC%2020201.pdf,"30% of BAU CO2 emissions from the energy sector by 2030. Absolute reduction as compared to reference year emissions.
Of the 30% reduction of BAU baseline CO2 emissions, 10% will be achieved “unconditionally” using available resources in the country and 20% achieved “condition-ally”.",IGES:NDC_db:10.57405/iges-5005
IGES_NDC:unconditional:GM,GM,Relative emission reduction,2030,2030,49,percent,https://unfccc.int/sites/default/files/NDC/2022-06/Second%20NDC%20of%20The%20Republic%20of%20The%20Gambia-16-12-2021.pdf,"The mitigation measures described in the NDC2 will allow the country to reduce its GHG emissions by 49.7 percent compared to the expected 2030 baseline. In absolute figures, the mitigation measures will reduce The Gambia’s GHG emissions by 3,290 GgCO2e.",IGES:NDC_db:10.57405/iges-5005
IGES_NDC:unconditional:GE,GE,Absolute emission reduction,1990,2030,35,percent,https://unfccc.int/sites/default/files/NDC/2022-06/NDC%20Georgia_ENG%20WEB-approved.pdf,"Georgia is fully committed1 to an unconditional limiting target of 35% below 1990 level of its domestic total greenhouse gas emissions by 2030;
Georgia is committed to a target of 50-57% of its total greenhouse gas emissions by 2030 compared to 1990, in case of international support. If the world will follow 2OC average global temperature increase holding scenario, reduction of emissions by 50% will be necessary while in case of limiting increase to 1.5OC, it will be necessary to reduce emissions by 57% compared to 1990 level;",IGES:NDC_db:10.57405/iges-5005
IGES_NDC:unconditional:GH,GH,Absolute emission reduction,2019,2030,24,MtCO2e,https://unfccc.int/sites/default/files/NDC/2022-06/Ghana%27s%20Updated%20Nationally%20Determined%20Contribution%20to%20the%20UNFCCC_2021.pdf,"Ghana aims to implement 34 mitigation measures to achieve absolute emission reductions of 64 MtCO2e by 2030. Out of the 34, nine unconditional measures are expected to lead to a 24.6 MtCO2e emission reduction amount. An additional 25 conditional measures can be implemented to further achieve 39.4 MtCO2e if financial support from the international and private sector is made available to cover the full cost for implementation.",IGES:NDC_db:10.57405/iges-5005
IGES_NDC:unconditional:GD,GD,Absolute emission reduction,2010,2030,40,percent,https://unfccc.int/sites/default/files/NDC/2022-06/GrenadaSecondNDC2020%20-%2001-12-20.pdf,Grenada commits to reducing its GHG emissions by 40% of the 2010 emissions levels by 2030.,IGES:NDC_db:10.57405/iges-5005
IGES_NDC:unconditional:GT,GT,Relative emission reduction,2030,2030,11,percent,https://unfccc.int/sites/default/files/2022-06/NDC%20-%20Guatemala%202021.pdf,"[Transslated]
Unconditional: By 2030, 11.2% of GHG emissions have been reduced compared to the baseline scenario, which is a reduction of 64.9 million tonnes of CO2-eq.
Conditional: By 2030, 22.6 % of GHG emissions have been reduced compared to the baseline scenario, which is a reduction of 56.6 million tonnes of CO2-eq.",IGES:NDC_db:10.57405/iges-5005
IGES_NDC:unconditional:GN,GN,Relative emission reduction,2020,2030,10,percent,https://unfccc.int/sites/default/files/NDC/2022-06/CDN%20GUINEE%202021_REVISION_VF.pdf,"(translated) Excluding LULUCF, the Republic of Guinea sets its unconditional target (NDC) at 2,056 ktCO2eq/year, i.e. a 9.7% reduction of its emissions in 2030 compared to the trend scenario, i.e. an emissions growth of 5% per year over the period 2020-2030 The conditional target (CDN+) is 3929 ktCO2 eq/year, i.e. 17.0% compared to the trend scenario, i.e. a growth in emissions of 4% per year over the period 2020-2030.
On LULUCF, excluding reforestation actions (absorptions not taken into account), the Republic of Guinea sets its unconditional target (CDN) at 20% of gross emissions reduction in 2030 compared to the trend scenario. The conditional target (CDN+) is set at 49% compared to the trend scenario.",IGES:NDC_db:10.57405/iges-5005
IGES_NDC:unconditional:GW,GW,Relative emission reduction,2030,2030,10,percent,https://unfccc.int/sites/default/files/NDC/2022-06/NDC-Guinea%20Bissau-12102021.Final.pdf,"Unconditional commitment to reduce GHG emissions by 10% (1.8 MtCO2e reduction) in 2030 compared to the reference scenario with the international support levels in force in 2020, increased to 30% (5.5 MtCO2e) with higher international support.",IGES:NDC_db:10.57405/iges-5005
IGES_NDC:unconditional:GY,GY,Policies and actions,2030,2025,100,action,https://unfccc.int/sites/default/files/NDC/2022-06/Guyana%27s%20revised%20NDC%20-%20Final.pdf,"With the provision of adequate resources, Guyana can increase its share of renewable energy by 100% by the year 2025.",IGES:NDC_db:10.57405/iges-5005
IGES_NDC:unconditional:HT,HT,Relative emission reduction,2030,2030,6,percent,https://unfccc.int/sites/default/files/NDC/2022-06/CDN%20Revisee%20Haiti%202022.pdf,"[Translated] With the implementation of mitigation measures, emissions will decrease from 18,970 ktCO2e in the baseline scenario to 17774 ktCO2e in the unconditional scenario and 12,938 ktCO2e in the conditional scenario. This represents a net reduction in emissions of 32% by 2030 compared to the baseline scenario, of which 6% is unconditional.",IGES:NDC_db:10.57405/iges-5005
IGES_NDC:unconditional:HN,HN,Relative emission reduction,2030,2030,16,percent,https://unfccc.int/sites/default/files/NDC/2022-06/NDC%20de%20Honduras_%20Primera%20Actualizaci%C3%B3n.pdf,"[Translated] 
1. Honduras commits to a 16% reduction in emissions compared to the business as usual (BaU) scenario by 2030 for all sectors excluding LULUCF.
2. By 2030, Honduras commits to to promote the implementation of
the ""conservation and functional restoration of the rural landscape"", reaching 1.3 million hectares of forest under restoration.
3. By 2030, Honduras is committed to reduce household fuelwood consumption by 39%, helping to fight against deforestation",IGES:NDC_db:10.57405/iges-5005
IGES_NDC:unconditional:IS,IS,Absolute emission reduction,1990,2030,55,percent,https://unfccc.int/sites/default/files/NDC/2022-06/Iceland_updated_NDC_Submission_Feb_2021.pdf,"Iceland is committed to a target of 55 per cent net reduction of greenhouse gas emissions by 2030 compared to 1990, acting jointly with the European Union and its Member States and Norway to achieve this target, within the framework of their climate cooperation agreement.",IGES:NDC_db:10.57405/iges-5005
IGES_NDC:unconditional:IN,IN,Carbon intensity reduction,2005,2030,45,percent,https://unfccc.int/sites/default/files/NDC/2022-08/India%20Updated%20First%20Nationally%20Determined%20Contrib.pdf,"• To reduce Emissions Intensity of its GDP by 45 percent by 2030, from
2005 level
• To achieve about 50 percent cumulative electric power installed
capacity from non-fossil fuel-based energy resources by 2030, with
the help of transfer of technology and low-cost international finance
including from Green Climate Fund (GCF)
• To create an additional carbon sink of 2.5 to 3 billion tonnes of CO2 equivalent through additional forest and tree cover by 2030.",IGES:NDC_db:10.57405/iges-5005
IGES_NDC:unconditional:ID,ID,Relative emission reduction,2030,2030,31,percent,https://unfccc.int/sites/default/files/NDC/2022-09/ENDC%20Indonesia.pdf,"The Enhanced NDC increases unconditional emission reduction target of 31.89%, compared to 29% in the 1st NDC. The commitment will be implemented through effective land use and spatial planning, sustainable forest management which include social forestry program, restoring functions of degraded ecosystems including wetland ecosystems, improved agriculture productivity, energy conservation and the promotion of clean and renewable energy sources, and improved waste management.
Indonesia can increase its contribution up to 43.20% reduction of emissions in 2030 conditionally, compared to 41% in the 1st NDC, subject to availability of international support for finance, technology transfer and development and capacity building.",IGES:NDC_db:10.57405/iges-5005
IGES_NDC:unconditional:IR,IR,Relative emission reduction,2030,2030,4,percent,https://www4.unfccc.int/sites/submissions/INDC/Published%20Documents/Iran/1/INDC%20Iran%20Final%20Text.pdf,"• On the basis of national capabilities, financial resources available and requirements of the national development program, taking into account GHGs emission scenarios, the Islamic Republic of Iran intends to participate by mitigating its GHGs emission in 2030 by 4% compared to the Business As Usual (BAU) scenario.
• Subject to termination and non-existence of unjust sanctions, availability of international resources in the form of financial support and technology transfer, exchange of carbon credits, accessibility of bilateral or multilateral implementation mechanisms, transfer of clean technologies as well as capacity building, the Islamic Republic of Iran has the potential of mitigating additional GHGs emission up to 8% against the BAU scenario (i.e. 12% in total).",IGES:NDC_db:10.57405/iges-5005
IGES_NDC:unconditional:IL,IL,Absolute emission reduction,2015,2050,27,percent,https://unfccc.int/sites/default/files/NDC/2022-06/NDC%20update%20as%20submitted%20to%20the%20UNFCCC.docx,"Israel's target is economy-wide to achieve a 27% reduction in net GHG emissions by 2030 relative to 2015, to a level of no more than 58 MtCO2e.
In addition, Israel aims to achieve an 85% reduction in net GHG emissions by 2050, relative to 2015, to a level of no more than 12 MtCO2e.",IGES:NDC_db:10.57405/iges-5005
IGES_NDC:unconditional:JM,JM,Relative emission reduction,2030,2030,25,percent,https://unfccc.int/sites/default/files/NDC/2022-06/Updated%20NDC%20Jamaica%20-%20ICTU%20Guidance.pdf,"・25.4% reduction relative to business-as-usual emissions in 2030 without international support (unconditional)
・28.5% reduction relative to business-as-usual emissions in 2030 conditional upon international support
・Its sectoral scope was broadened towards an economy-wide target (i.e., the land use change and forestry sector will be covered)",IGES:NDC_db:10.57405/iges-5005
IGES_NDC:unconditional:JP,JP,Absolute emission reduction,2013,2030,46,percent,https://unfccc.int/sites/default/files/NDC/2022-06/JAPAN_FIRST%20NDC%20%28UPDATED%20SUBMISSION%29.pdf,"Japan aims to reduce its greenhouse gas emissions by 46 percent in fiscal year 2030 from its fiscal year 2013 levels, setting an ambitious target which is aligned with the long-term goal of achieving net-zero by 2050. Furthermore, Japan will continue strenuous efforts in its challenge to meet the lofty goal of cutting its emission by 50 percent.",IGES:NDC_db:10.57405/iges-5005
IGES_NDC:unconditional:JO,JO,Relative emission reduction,2030,2030,5,percent,https://unfccc.int/sites/default/files/NDC/2022-06/UPDATED%20SUBMISSION%20OF%20JORDANS.pdf,"Jordan sets the target of achieving 31% reduction of emissions by 2030. Which is quantified to be 11269 Gg CO2 eq.
Jordan committed to reduce 5% compared to the BAU scenario unconditionally, and to reduce conditionally an additional 26% compared to BAU scenario if the resources and means of implementation are available.",IGES:NDC_db:10.57405/iges-5005
IGES_NDC:unconditional:KZ,KZ,Absolute emission reduction,1990,2030,15,percent,https://unfccc.int/sites/default/files/NDC/2022-06/INDC%20Kz_eng.pdf,The Republic of Kazakhstan intends to achieve an economy-wide target of 15% [unconditional target] - 25% [conditional target] reduction in greenhouse gas emissions by 2030 compared to 1990.,IGES:NDC_db:10.57405/iges-5005
IGES_NDC:unconditional:KE,KE,Relative emission reduction,2030,2030,32,percent,https://unfccc.int/sites/default/files/NDC/2022-06/Kenya%27s%20First%20%20NDC%20%28updated%20version%29.pdf,"Kenya seeks to undertake an ambitious mitigation contribution towards the Paris Agreement. Kenya therefore seeks to abate her GHG emissions by 32% by 2030 relative to the BAU scenario of 143 MtCO2eq; and in line with its sustainable development agenda. Subject to national circumstances, Kenya intends to bear 21% of the mitigation cost from domestic sourcies, while 79% of this is subject to international support in the form of finance, technology development and transfer, and capacity building.",IGES:NDC_db:10.57405/iges-5005
IGES_NDC:unconditional:KI,KI,Relative emission reduction,2030,2030,13,percent,https://unfccc.int/sites/default/files/NDC/2022-06/INDC_KIRIBATI.pdf,Kiribati is a LDC SIDS with limited resources that will nonetheless commit to reduce emissions by 13.7% by 2025 and 12.8% by 2030 compared to a BAU projection.,IGES:NDC_db:10.57405/iges-5005
IGES_NDC:unconditional:KW,KW,Relative emission reduction,2030,2035,7,percent,https://unfccc.int/sites/default/files/NDC/2022-06/Kuwait%20updating%20the%20first%20NDC-arabic.pdf,"Kuwait's economic target to reduce 7.4% compared to BAU by 2035 covers sectors of (Energy, IPPU, Agriculture, Forestry and Other Land Use), where the energy sector is the primary emission source.",IGES:NDC_db:10.57405/iges-5005
IGES_NDC:unconditional:KG,KG,Relative emission reduction,2030,2030,16,percent,https://unfccc.int/sites/default/files/NDC/2022-06/%D0%9E%D0%9D%D0%A3%D0%92%20%D0%A0%D0%A3%D0%A1%20%D0%BE%D1%82%2008102021.pdf,"The overall mitigation goal of the Kyrgyz Republic is to unconditionally reduce GHG emissions by 16.63% by 2025 and by 15.97% by 2030, under the business-as-usual scenario. Should international support be provided, GHG emissions will be reduced by 2025 by 36.61% and by 2030 by 43.62%, under the business-as-usual scenario.",IGES:NDC_db:10.57405/iges-5005
IGES_NDC:unconditional:LA,LA,Relative emission reduction,2030,2030,60,percent,https://unfccc.int/sites/default/files/NDC/2022-06/NDC%202020%20of%20Lao%20PDR%20%28English%29%2C%2009%20April%202021%20%281%29.pdf,"National level 2030 unconditional target: 60% GHG emission reductions compared to baseline scenario, or around 62,000 ktCO2e in absolute terms.",IGES:NDC_db:10.57405/iges-5005
IGES_NDC:unconditional:LB,LB,Relative emission reduction,2030,2030,20,percent,https://unfccc.int/sites/default/files/NDC/2022-06/Lebanon%27s%202020%20Nationally%20Determined%20Contribution%20Update.pdf,"1. Lebanon commits to unconditionally reduce its greenhouse gas emissions by 20% below its Business-As-Usual (BAU) scenario (amounting to 7,790 Gg. CO2eq.) and to conditionally reduce its greenhouse gas emissions by 31% below its Business-As-Usual (BAU) scenario in 2030 (amounting to 12,075 Gg. CO2eq.) 
2. Lebanon commits to unconditionally generate 18% of its power demand(i.e. electricity demand) and 11% of its heat demand (in the building sector) by renewable energy sources and to conditionally generate 30% (i.e. electricity demand) of its power demand and 16.5% of its heat demand (in the building sector) by renewable energy sources in 2030 
3. Lebanon commits to unconditionally reduce power demand through energy efficiency measures by 3% under the Business-As-Usual (BAU) scenario and to conditionally reduce power demand through energy efficiency measures by 10% under the Business-As-Usual (BAU) scenario in 2030.",IGES:NDC_db:10.57405/iges-5005
IGES_NDC:unconditional:LS,LS,Relative emission reduction,2030,2030,10,percent,https://unfccc.int/sites/default/files/NDC/2022-06/Lesotho%20First%20NDC.pdf,"• Unconditional target: 10% reduction in GHG emissions compared to business as usual (BAU) by 2030.
• Conditional target: An additional 25% reduction under certain conditions which would bring the total GHG reduction to sum 35% of (a) and (b) below BAU emission levels by 2030",IGES:NDC_db:10.57405/iges-5005
IGES_NDC:unconditional:LR,LR,Relative emission reduction,2030,2030,10,percent,https://unfccc.int/sites/default/files/NDC/2022-06/Liberia%27s%20Updated%20NDC_RL_FINAL%20%28002%29.pdf,"Liberia commits to reducing its economy-wide greenhouse gas emissions by 64% below the projected business-as-usual (BAU) level by 2030 through a combination of the following: unconditional reductions of 10% below BAU, resulting in an absolute emissions level of 12,430Gg CO2e in 2030; with an additional 54% conditional upon international support, which would result in absolute emissions level of 4,537Gg CO2e in 2030.",IGES:NDC_db:10.57405/iges-5005
IGES_NDC:unconditional:LI,LI,Absolute emission reduction,1990,2030,40,percent,https://unfccc.int/sites/default/files/NDC/2022-06/150422_INDC_FL.pdf,Liechtenstein aims at a reduction of greenhouse gases by 40 % compared to 1990 by 2030. The reduction target will be subject to the approval of the Liechtenstein Parliament.,IGES:NDC_db:10.57405/iges-5005
IGES_NDC:unconditional:MG,MG,Relative emission reduction,2030,2030,32,percent,https://unfccc.int/sites/default/files/NDC/2022-06/Madagascar%20INDC.pdf,"In 2030, Madagascar aims to reduce approximately 30 MtCO2 of its emissions of GHG, representing 14% of national emissions, compared to the BAU scenario, with projections based of GHG inventory from year 2000 to 2010. This reduction is additive to the absorptions increase of the LULUCF sector, which estimated at 61 MtCO2 in 2030. Total increase in GHG absorption is expected at 32%, compared to the BAU scenario.",IGES:NDC_db:10.57405/iges-5005
IGES_NDC:unconditional:MW,MW,Relative emission reduction,2030,2040,6,percent,https://unfccc.int/sites/default/files/NDC/2022-06/Malawi%20Updated%20NDC%20July%202021%20submitted.pdf,"・ Unconditional contribution: A reduction of 6 per cent relative to BAU in the year 2040; equivalent to an estimated mitigation level of 2.1 million tonnes of carbon dioxide equivalent (tCO2e) in that year. This is an unconditional target, based on domestically supported and implemented mitigation measures and policies.
· Conditional contribution: An additional reduction of 45 per cent relative to BAU in the year 2040; equivalent to an estimated mitigation level of 15.6 million tCO2e in that year. This represents an additional targeted contribution, based on the provision of international support and funding.",IGES:NDC_db:10.57405/iges-5005
IGES_NDC:unconditional:MY,MY,Carbon intensity reduction,2005,2030,45,percent,https://unfccc.int/sites/default/files/NDC/2022-06/Malaysia%20NDC%20Updated%20Submission%20to%20UNFCCC%20July%202021%20final.pdf,Malaysia intends to reduce its economy-wide carbon intensity (against GDP) of 45% in 2030 compared to 2005 level.,IGES:NDC_db:10.57405/iges-5005
IGES_NDC:unconditional:ML,ML,Relative emission reduction,2030,2030,31,percent,https://unfccc.int/sites/default/files/NDC/2022-06/MALI%20First%20NDC%20update.pdf,"[Translated] The level of GHG reduction ambition of the mitigation scenario compared to the baseline scenario in 2030 is: 
- 31% for energy sector;
- 25% for agriculture sector
- 39% for forestry and land use change sector
- 31% for waste sector",IGES:NDC_db:10.57405/iges-5005
IGES_NDC:unconditional:MH,MH,Absolute emission reduction,2010,2030,45,percent,https://unfccc.int/sites/default/files/NDC/2022-06/RMI%20NDC-UpdateUPDATED_01.20.2021.pdf,Economy-wide Target: GHG reduction of at least 45% below 2010 levels by 2030,IGES:NDC_db:10.57405/iges-5005
IGES_NDC:unconditional:MR,MR,Relative emission reduction,2030,2030,11,percent,https://unfccc.int/sites/default/files/NDC/2022-06/CDN-actualis%C3%A9%202021_%20Mauritania.pdf,"[Translated] Unconditional commitment to reduce GHG emissions by 11% (1905GgEq-CO2) in 2030 compared to the (BAU) scenario with international support levels in force in 2020. This reduction can be achieved with greater international support, allowing for the development of a larger share of the country's renewable energy potential. This conditional reduction will be 16008.045 GgEq-CO2 or 92.49% in 2030 compared to the (BAU) scenario.",IGES:NDC_db:10.57405/iges-5005
IGES_NDC:unconditional:MU,MU,Relative emission reduction,2030,2030,40,percent,https://unfccc.int/sites/default/files/NDC/2022-06/Final%20Updated%20NDC%20for%20the%20Republic%20of%20Mauritius%2001%20October%202021.docx,"Based on current projections, Mauritius aims to reduce overall GHG emissions by 40% in 2030 compared to the Business as Usual (BAU) scenario of around 6,900 ktCO2eq (including LULUCF) in 2030.",IGES:NDC_db:10.57405/iges-5005
IGES_NDC:unconditional:MX,MX,Relative emission reduction,2030,2030,22,percent,https://unfccc.int/sites/default/files/NDC/2022-06/NDC-Esp-30Dic.pdf,"Mexico established an unconditional commitment to reduce its GHG emissions by 22% and 5 1% of its BC (black carbon)  emissions by 2030, compared to BAU scenario. Regarding the conditional commitments, the reduction of GHG emissions can be increased up to 36% and 70% of its BC emissions if there are more resources available for the implementation.",IGES:NDC_db:10.57405/iges-5005
IGES_NDC:unconditional:FM,FM,Absolute emission reduction,2000,2030,70,percent,https://unfccc.int/sites/default/files/NDC/2022-10/Updated_NDC_of_the_Federated_States_of_Micronesia.pdf,"・By 2030, increase access to electricity to 100% nationwide
・By 2030, increase electricity generation from renewable energy to more than 70% of total generation
・By 2030, reduce carbon dioxide emissions from electricity generation by more than 65% below 2000 levels
・Meet Kigali Amendment HFC phase down commitments (in advance of schedule if possible)
・By 2030, reduce black carbon and methane emissions related to diesel electric generation by more than 65% below 2000 levels",IGES:NDC_db:10.57405/iges-5005
IGES_NDC:unconditional:MC,MC,Absolute emission reduction,1990,2030,55,percent,https://unfccc.int/sites/default/files/NDC/2022-06/Monaco_NDC_2020.pdf,The Principality of Monaco is committed to reducing its emissions by 55% by 2030.,IGES:NDC_db:10.57405/iges-5005
IGES_NDC:unconditional:MN,MN,Relative emission reduction,2030,2030,22,percent,https://unfccc.int/sites/default/files/NDC/2022-06/First%20Submission%20of%20Mongolia%27s%20NDC.pdf,"The mitigation target of Mongolia’s NDC will be a 22.7% reduction in total national greenhouse gas (GHG) emissions by 2030 (Figure 1), compared to the projected emissions under a business as usual scenario for 2010. In addition, if conditional mitigation measures such as the carbon capture and
storage and waste-to-energy technology are implemented, then Mongolia could achieve a 27.2% reduction in total national GHG emissions. Along with that, actions and measures to remove GHG emissions by forest are determined, which set the total mitigation target of Mongolia as 44.9% of GHG emission reduction by 2030.",IGES:NDC_db:10.57405/iges-5005
IGES_NDC:unconditional:ME,ME,Absolute emission reduction,1990,2030,35,percent,https://unfccc.int/sites/default/files/NDC/2022-06/Updated%20NDC%20for%20Montenegro.pdf,"Economy-wide GHG emission reduction target of 35% by 2030 compared to base year (1990) emissions, excluding LULUCF",IGES:NDC_db:10.57405/iges-5005
IGES_NDC:unconditional:MA,MA,Relative emission reduction,2030,2030,18,percent,https://unfccc.int/sites/default/files/NDC/2022-06/Moroccan%20updated%20NDC%202021%20_Fr.pdf,"(Translated) Unconditional GHG emission reduction commitment of 18.3% (26,119.2 Gg CO2e) in 2030 compared to the (NAC) scenario with international support levels in effect in 2020 increased to 45.5% (64,771.5 Gg CO2e) with greater international support.",IGES:NDC_db:10.57405/iges-5005
IGES_NDC:unconditional:MZ,MZ,Absolute emission reduction,2030,2025,40,MtCO2e,https://unfccc.int/sites/default/files/NDC/2022-06/NDC_EN_Final.pdf,"The emission reduction target presented by Mozambique is divided into cumulative annual efforts between the years 2020 and 2025, whereby the country commits to reduce its emissions by about 40 MtCO2eq between 2020 and 2025. The country expects to reduce these emissions in comparison to the BAU of the specific actions and, should Mozambique benefit from international climate finance, the total investment required to generate these reductions and the other actions foreseen in this updated NDC 1 is estimated to be around USD 7.586 billion (from 2020 to 2025).",IGES:NDC_db:10.57405/iges-5005
IGES_NDC:unconditional:MM,MM,Absolute emission reduction,2030,2030,245,MtCO2e,https://unfccc.int/sites/default/files/NDC/2022-06/Myanmar%20Updated%20%20NDC%20July%202021.pdf,"Myanmar‟s unconditional targets for Total Emissions Avoided/Reduced over the period 2021-2030 will amount to 244,525,968 tCO2e. If Myanmar receives sufficient and timely technical and financial support from the international community, the government aims to be able to achieve a conditional target for Total Emissions Avoided/Reduced over the period 2021- 2030 of  14,760,604 tCO2e.",IGES:NDC_db:10.57405/iges-5005
IGES_NDC:unconditional:NP,NP,Policies and actions,2030,2030,15,action,https://unfccc.int/sites/default/files/NDC/2022-06/Second%20Nationally%20Determined%20Contribution%20%28NDC%29%20-%202020.pdf,"・ By 2030, expand clean energy generation from approximately 1,400 MW to 15,000 MW, of which 5-10 % will be generated from mini and micro-hydro power, solar, wind and bio-energy. Of this, 5,000 MW is an unconditional target. The remainder is dependent upon the provision of funding by the international community.
· By 2030, ensure 15% of the total energy demand is supplied from clean energy sources.",IGES:NDC_db:10.57405/iges-5005
IGES_NDC:unconditional:NZ,NZ,Absolute emission reduction,2005,2030,50,percent,https://unfccc.int/sites/default/files/NDC/2022-06/New%20Zealand%20NDC%20November%202021.pdf,"Emissions will be reduced by 50 per cent below gross 2005 levels by 2030, which corresponds to a 41 per cent reduction when managed using a multi-year emissions budget.",IGES:NDC_db:10.57405/iges-5005
IGES_NDC:unconditional:NI,NI,Policies and actions,2030,2030,60,action,https://unfccc.int/sites/default/files/NDC/2022-06/Contribuciones_Nacionales_Determinadas_Nicaragua.pdf,"[Translated] 
increase the percentage of electricity generation through renewable energy sources, to 60% by 2030.",IGES:NDC_db:10.57405/iges-5005
IGES_NDC:unconditional:NE,NE,Relative emission reduction,2030,2030,10,percent,https://unfccc.int/sites/default/files/NDC/2022-06/CDN_Niger_R%C3%A9vis%C3%A9e_2021.pdf,"[translated]
Afolu: Unconditional reductions: 4.50% (BAU 2025) and 12.57% (BAU 2030). - Conditional reductions: 14.60% (BAU-2025) and 22.75% (BAU 2030) 
Energy: Unconditional reductions: 11.20% (BAU-2025) and 10.60% (BAU-2030) - Conditional reductions: 48% (BAU-2025) and 45% (BAU-2030).",IGES:NDC_db:10.57405/iges-5005
IGES_NDC:unconditional:NG,NG,Relative emission reduction,2030,2030,20,percent,https://unfccc.int/sites/default/files/NDC/2022-06/NDC_File%20Amended%20_11222.pdf,"Under BAU, Nigeria's emissions are expected to grow to around 450 million tonnes per year in 2030. The Federal Government of Nigeria reaffirms its commitment to the Framework Convention and the Paris Agreement on Climate Change and its objectives and eriterate its commitment to unconditionally reduce its GHG emissions by 20% below BAU by 2030, and also increases its conditional target to 47% below BAU on condition of international support.",IGES:NDC_db:10.57405/iges-5005
IGES_NDC:unconditional:NU,NU,Policies and actions,2030,2020,38,percent,https://unfccc.int/sites/default/files/NDC/2022-06/Niue%20INDC%20Final.pdf,"In line with Niue’s resilience approach to reduce dependence on imported fossil fuels, Niue will achieve a 38% share of renewable energy of total electricity generation by 2020. Conditional upon additional international assistance, Niue could increase its contribution to an 80% share of renewable energy of total electricity generation, or to even higher levels, by 2025. This would require additional support for energy storage and renewable energy generation, and strengthened frameworks for project delivery.",IGES:NDC_db:10.57405/iges-5005
IGES_NDC:unconditional:MK,MK,Absolute emission reduction,1990,2030,51,percent,https://unfccc.int/sites/default/files/NDC/2022-06/Macedonian%20enhanced%20NDC%20%28002%29.pdf,"Economy-wide, emission reduction of 51% in 2030 compared to base
year emissions.",IGES:NDC_db:10.57405/iges-5005
IGES_NDC:unconditional:NO,NO,Absolute emission reduction,1990,2030,50,percent,https://unfccc.int/sites/default/files/NDC/2022-06/Norway_updatedNDC_2020%20%28Updated%20submission%29.pdf,"Norway is committed to a target by at least 50% and towards 55% reduction in greenhouse gas emission compared to 1990 levels.
Norway seeks to fulfil the enhanced ambition through the climate cooperation with the European Union. In the event that Norway's enhanced nationally determined contribution goes beyond the target set in the updated nationally determined contribution of the European Union, Norway intends to use voluntary cooperation under Article 6 of the Paris Agreement to fulfil the part that goes beyond what is fulfilled through the climate cooperation with the European Union.",IGES:NDC_db:10.57405/iges-5005
IGES_NDC:unconditional:OM,OM,Relative emission reduction,2030,2030,4,percent,https://unfccc.int/sites/default/files/NDC/2022-06/Second%20NDC%20Report%20Oman.pdf,"Oman's economic target to reduce 7% compared to BAU by 2030 covers the energy sector, which is the primary emission source.
…
The Sultanate of Oman is committed to reducing GHG emissions by 7% by 2030 relative to BAU. 4% of this commitment will be based on national efforts, and the remaining 3% would necessitate grants and other forms of concessional financing and assistance as well as capacity building,institutional strengthening and access to appropriate technologies. International climate finance is a crucial element for the Sultanate of Oman to further bend the GHG emission growth curve over the next decade.",IGES:NDC_db:10.57405/iges-5005
IGES_NDC:unconditional:PK,PK,Relative emission reduction,2030,2030,15,percent,https://unfccc.int/sites/default/files/NDC/2022-06/Pakistan%20Updated%20NDC%202021.pdf,"Pakistan intends to set a cumulative ambitious aim of conditional and voluntary contributions of overall 50% reduction of its projected emissions by 2030, with a 15% drop below business as usual (BAU) from the country’s own resources, and an additional 35% drop below BAU subject to international financial support.",IGES:NDC_db:10.57405/iges-5005
IGES_NDC:unconditional:PW,PW,Policies and actions,2005,2025,22,action,https://unfccc.int/sites/default/files/NDC/2022-06/Palau_INDC.Final%20Copy.pdf,"Indicative targets:
• 22% energy sector emissions reductions below 2005 levels by 
2025
• 45% Renewable Energy target by 2025
• 35% Energy Efficiency target by 2025",IGES:NDC_db:10.57405/iges-5005
IGES_NDC:unconditional:PA,PA,Relative emission reduction,2030,2030,12,percent,https://unfccc.int/sites/default/files/NDC/2022-06/CDN1%20Actualizada%20Rep%C3%BAblica%20de%20Panam%C3%A1.pdf,"[Translated] By 2050, Panama will achieve a reduction in total emissions from the country's energy sector by at least 24% and by at least 11.5% by 2030, with respect to the trend scenario
Panama is committed to the forest restoration of 50,000 ha at the national level, which will contribute to the carbon absorption of approximately 2.6 million tons of CO2 eq by the year 2050.",IGES:NDC_db:10.57405/iges-5005
IGES_NDC:unconditional:PY,PY,Relative emission reduction,2030,2030,10,percent,https://unfccc.int/sites/default/files/NDC/2022-06/Actualizaci%C3%B3n-NDC%20VF%20PAG.%20WEB_MADES%20Mayo%202022.pdf,"20% reduction in projected BAU emissions by 2030, with the target being:
・ Target Conditional on external financing: 10% of the reduction.
・ Unconditional Target: 10% of the reduction.",IGES:NDC_db:10.57405/iges-5005
IGES_NDC:unconditional:PE,PE,Absolute emission reduction,2030,2030,208,MtCO2e,https://unfccc.int/sites/default/files/NDC/2022-06/Reporte%20de%20Actualizacio%CC%81n%20de%20las%20NDC%20del%20Peru%CC%81.pdf,"[Translated] 
The Peruvian State undertakes that its net greenhouse gas emissions do not exceed 208.8 MtCO2eq in 2030 (unconditional target). Additionally, the Peruvian State considers that greenhouse gas emissions could reach a maximum level of 179.0 MtCO2eq depending on the availability of international external financing and the existence of favorable conditions (conditional goal).",IGES:NDC_db:10.57405/iges-5005
IGES_NDC:unconditional:PH,PH,Relative emission reduction,2030,2030,3,percent,https://unfccc.int/sites/default/files/NDC/2022-06/Philippines%20-%20NDC.pdf,"The Philippines commits to a projected GHG emissions reduction and avoidance of 75%, of which 2.71% is unconditional and 72.29% is conditional, representing the country's ambition for GHG mitigation for the period 2020 to 2030 for the sectors of agriculture, wastes, industry, transport, and energy. This commitment is referenced against a projected business-as-usual cumulative economy-wide emission of 3,340.3 MtCO2e for the same period.",IGES:NDC_db:10.57405/iges-5005
IGES_NDC:unconditional:QA,QA,Relative emission reduction,2030,2030,25,percent,https://unfccc.int/sites/default/files/NDC/2022-06/Qatar%20NDC%20-%20Arabic.pdf,"The reduction of 25% in GHG emissions for the year 2030, relative to BAU scenario is consistent with provisions stipulated in Articles 4.3, 4.4 and 4.7 of PA. Also, Article 6 is considered in the implementation.",IGES:NDC_db:10.57405/iges-5005
IGES_NDC:unconditional:KR,KR,Absolute emission reduction,2018,2030,40,percent,https://unfccc.int/sites/default/files/NDC/2022-06/211223_The%20Republic%20of%20Korea%27s%20Enhanced%20Update%20of%20its%20First%20Nationally%20Determined%20Contribution_211227_editorial%20change.pdf,"The Republic of Korea’s updated NDC target is to reduce 40% from the total national GHG emissions in 2018, which is 727.6 MtCO2eq, by 2030. The Republic of Korea plans to use voluntary cooperation under Article 6 of the Paris Agreement as a complementary measure to its domestic mitigation efforts including LULUCF to achieve its target.",IGES:NDC_db:10.57405/iges-5005
IGES_NDC:unconditional:MD,MD,Absolute emission reduction,1990,2030,70,percent,https://unfccc.int/sites/default/files/NDC/2022-06/MD_Updated_NDC_final_version_EN.pdf,"In its updated NDC (NDC2), the Republic of Moldova intends to achieve more ambitious targets than in its NDC1. The country’s new economy-wide unconditional target is to reduce its greenhouse gas emissions by 70 per cent below its 1990 level in 2030, instead of 64-67 per cent as committed in NDC1. As to the new economy-wide conditional target, instead of 78 per cent as committed in NDC1, the reduction commitment expressed above could be increased in NDC2 up to 88 per cent below 1990 level, provided a global agreement addressing important topics including low-cost financial resources, technology transfer, and technical cooperation,",IGES:NDC_db:10.57405/iges-5005
IGES_NDC:unconditional:RU,RU,Absolute emission reduction,1990,2030,30,percent,https://unfccc.int/sites/default/files/NDC/2022-06/NDC_RF_ru.pdf,"the Russian Federation announces a target for limiting greenhouse gas emissions, which provides for a reduction in greenhouse gas emissions by 2030 to 70 percent relative to the 1990 level, taking into account the maximum possible absorptive capacity of forests and other ecosystems and subject to sustainable and balanced social economic development of the Russian Federation",IGES:NDC_db:10.57405/iges-5005
IGES_NDC:unconditional:RW,RW,Relative emission reduction,2030,2030,16,percent,https://unfccc.int/sites/default/files/NDC/2022-06/Rwanda_Updated_NDC_May_2020.pdf,"Unconditional contribution: A reduction of 16 per cent relative to BAU in the year 2030; equivalent to an estimated mitigation level of 1.9 million tonnes of carbon dioxide equivalent (tCO2e) in that year.
Conditional contribution: An additional reduction of 22 per cent relative to BAU in the year 2030; equivalent to an estimated mitigation level of 2.7 million tCO2e in that year.",IGES:NDC_db:10.57405/iges-5005
IGES_NDC:unconditional:KN,KN,Absolute emission reduction,2010,2030,61,percent,https://unfccc.int/sites/default/files/NDC/2022-06/St.%20Kitts%20and%20Nevis%20Revised%20NDC_Updated.pdf,"St. Kitts and Nevis' economy-wide target will reduce CO2 emissions by 61% by 2030 relative to 2010, mostly conditional upon adequate international financial and capacity building support through the following interventions:
・Transition to 100% renewable energy in power generation*
・Improve efficiency in transmission and distribution of electricity
・Electrification of 2% of the total vehicle
・Development of EV infrastructure",IGES:NDC_db:10.57405/iges-5005
IGES_NDC:unconditional:VC,VC,Relative emission reduction,2030,2025,22,percent,https://unfccc.int/sites/default/files/NDC/2022-06/Saint%20Vincent%20and%20the%20Grenadines_NDC.pdf,"St. Vincent and the Grenadines intends to achieve an unconditional, economy-wide reduction in greenhouse gas (GHG) emissions of 22% compared to its business as usual (BAU) scenario by 2025.",IGES:NDC_db:10.57405/iges-5005
IGES_NDC:unconditional:WS,WS,Absolute emission reduction,2007,2030,26,percent,https://unfccc.int/sites/default/files/NDC/2022-06/Samoa%27s%20Second%20NDC%20for%20UNFCCC%20Submission.pdf,Overall GHG emissions reduction of 26 percent in 2030 compared to 2007 levels (or 91 Gg CO2e compared to the new reference year once Samoa’s GHG emissions inventory has been updated).,IGES:NDC_db:10.57405/iges-5005
IGES_NDC:unconditional:SM,SM,Absolute emission reduction,2005,2030,20,percent,https://unfccc.int/sites/default/files/NDC/2022-06/SAN%20MARINO%20INDC%20EN.pdf,"The Republic of San Marino, on the basis of the decision of the Government held on 28 September 2015, commits to reduce GHG emissions to 20% below 2005 levels by 2030.",IGES:NDC_db:10.57405/iges-5005
IGES_NDC:unconditional:ST,ST,Relative emission reduction,2030,2030,27,percent,https://unfccc.int/sites/default/files/NDC/2022-06/Updated_NDC_STP_2021_EN_.pdf,"The goal is conditional to external aid. With the implementation of its updated NDC mitigation contributions, STP will reduce its BAU-projected emissions by 2030. Projected emissions cover the entire territory and all economic sectors (excluding the LULUCF sector since the country has been climate-neutral since the start of the national GHG emissions inventory calculations). The country will reduce GHG emissions by 27% in comparison to its base scenario of close to 109 GgtCO2eq by 2030, with an estimated cost of 150M USD.",IGES:NDC_db:10.57405/iges-5005
IGES_NDC:unconditional:SA,SA,Relative emission reduction,2019,2030,278,MtCO2e,https://unfccc.int/sites/default/files/resource/202203111154---KSA%20NDC%202021.pdf,"The Kingdom aims at reducing and avoiding GHG emissions by 278 million tons of CO2eq annually by 2030, with the year 2019 designated as the base year for this NDC. (...) This NDC is driven by the aim to implement measures that accelerate the economic diversification process (...). Estimates and ambitions will be adjusted depending on the level of development and progress toward economic diversification as well as feedback from different sectors of the economy.",IGES:NDC_db:10.57405/iges-5005
IGES_NDC:unconditional:SN,SN,Relative emission reduction,2030,2030,7,percent,https://unfccc.int/sites/default/files/NDC/2022-06/CDNSenegal%20approuv%C3%A9e-pdf-.pdf,"[Translated] 
Unconditional goal: 5 and 7% reduction in GHG emissions 
Conditional goal: 23.7 and 29.5% reduction in GHG emissions in 2025 and 2030 respectively",IGES:NDC_db:10.57405/iges-5005
IGES_NDC:unconditional:RS,RS,Absolute emission reduction,2010,2030,13,percent,https://unfccc.int/sites/default/files/NDC/2022-08/NDC%20Final_Serbia%20english.pdf,"The Republic of Serbia hereby communicates its updated Nationally Determined Contribution (NDC), in accordance with the Articles 3 and 4 of the Paris Agreement and paragraphs 22 and 24 of Decision 1 CP/21:
Increasing its ambition to the GHG emission reduction by 13.2% compared to 2010 level (i.e. 33,3% compared to 1990) by 2030",IGES:NDC_db:10.57405/iges-5005
IGES_NDC:unconditional:SC,SC,Relative emission reduction,2030,2030,26,percent,https://unfccc.int/sites/default/files/NDC/2022-06/Seychelles%20-%20NDC_Jul30th%202021%20_Final.pdf,The Republic of Seychelles is committed to reducing economy wide absolute Greenhouse Gas (GHG) emissions by 293.8 ktCO2e in 2030 (26.4%) compared to business as usual (BAU) scenario.,IGES:NDC_db:10.57405/iges-5005
IGES_NDC:unconditional:SL,SL,Policies and actions,2005,2025,42,action,https://unfccc.int/sites/default/files/NDC/2022-06/210804%202125%20SL%20NDC%20%281%29.pdf,"Energy (conditional): The country’s NDC considers the transition to Renewable Energy Technologies (RETs) a major means of reducing current emission levels. The goal is to improve energy efficiency and increase access to grid connections by 42% in 2025 and offgrid mini-grid and solar stand-alone systems by 27% and 10% respectively in 2030. Opportunities for expanding electricity generation, transmission, and distribution through a Millennium Challenge Corporation (MCC) Compact will be explored to increase access and promote technology dissemination.",IGES:NDC_db:10.57405/iges-5005
IGES_NDC:unconditional:SG,SG,Peak of carbon emissions,2030,2030,65,MtCO2e,https://unfccc.int/sites/default/files/NDC/2022-06/Singapore%27s%20Update%20of%201st%20NDC.pdf,"Singapore intends to peak emissions at 65 MtCO2e around 2030.
Note: Based on current projections, this will allow us to achieve a 36% reduction in Emissions Intensity (EI) from 2005 levels by 2030.",IGES:NDC_db:10.57405/iges-5005
IGES_NDC:unconditional:SB,SB,Absolute emission reduction,2015,2030,33,percent,https://unfccc.int/sites/default/files/NDC/2022-06/NDC%20Report%202021%20Final%20Solomon%20Islands%20%281%29.pdf,"Solomon Islands is a growing small island developing State, with particular needs and priorities for sustainable development. Despite its status as a low emitting least developed country, Solomon Islands will nonetheless, commit to reduce its emissions by 14% by 2025 below 2015 and by 33% below 2015 by 2030 compared to a business-as-usual projection. If and when Paris Agreement addresses international assistance to access financial and technical resources, Solomon Islands can, with international assistance, contribute:
• a further 27% reduction in GHG emissions by 2025, and
• a further 45% reduction in GHG emissions by 2030, compared to BaU
projection.
With appropriate international assistance, Solomon Islands can achieve net
zero emissions by 2050.",IGES:NDC_db:10.57405/iges-5005
IGES_NDC:unconditional:SO,SO,Relative emission reduction,2030,2030,30,percent,https://unfccc.int/sites/default/files/NDC/2022-06/Final%20Updated%20NDC%20for%20Somalia%202021.pdf,"Somalia committed to reduce and avoid its emissions 30% by 2030 compared to BAU scenario (107.40MtCO2eq in 2030). The emissions reduction targets reflect introduce policies, programs and technologies that drive the country to low emissions development pathway. Due to the unique national circumstances, the implementation of the mitigation target will require international public and private support including in the form of finance, investments, technology development & transfer and capacity building",IGES:NDC_db:10.57405/iges-5005
IGES_NDC:unconditional:ZA,ZA,Peak of carbon emissions,2030,2030,350,MtCO2e,https://unfccc.int/sites/default/files/NDC/2022-06/South%20Africa%20updated%20first%20NDC%20September%202021.pdf,"In 2025, South Africa’s annual GHG emissions will be in a range from 398-510 Mt CO2-eq. In 2030, South Africa’s annual GHG emissions will be in a range from 350-420 Mt CO2-eq. Note that “GHG emissions” are defined as total net GHG emissions as specified in the national inventory report for 2030, including all sectors, and excluding emissions from natural disturbances in the land sector.",IGES:NDC_db:10.57405/iges-5005
IGES_NDC:unconditional:SS,SS,Policies and actions,2030,2030,109,action,https://unfccc.int/sites/default/files/NDC/2022-06/South%20Sudan%27s%20Second%20Nationally%20Determined%20Contribution.pdf,"・Agriculture, livestock and fisheries:  18% reduction in GHG emissions compared to 2017 level
・Infrastructure (construction and buildings): Procurement of green cement
・Forestry: 70% reduction in deforested area
・Electricity: Installation of 2,729.5 MW of renewable energy based power plants (including hydropower)
・Waste: 30% reduction in GHG emissions compared to baseline
・Transport 44% reduction in GHG emissions compared to baseline

In total, by implementing these strategies South Sudan can reduce an estimated 109.87 million tonnes of carbon dioxide equivalent (tCO2e) and sequester 45.06 million tCO2e by 2030.",IGES:NDC_db:10.57405/iges-5005
IGES_NDC:unconditional:LK,LK,Relative emission reduction,2030,2030,4,percent,https://unfccc.int/sites/default/files/NDC/2022-06/Amendmend%20to%20the%20Updated%20Nationally%20Determined%20Contributions%20of%20Sri%20Lanka.pdf,"・Sri Lanka interprets unconditional policy responses as those actions that have been identified in national plans and programmes, prioritised for domestic investments (public and private) which can be implemented with domestic capacity. These actions amount to 4.0% of GHG emissions reduction with respective to BAU scenario for the period 2021-2030.
・conditional NDC actions account for additional 10.5% of GHG emissions reduction respective to the BAU scenario for the period 2021-2030.
・Sri Lanka expects to achieve its Carbon Neutrality by 2050",IGES:NDC_db:10.57405/iges-5005
IGES_NDC:unconditional:PS,PS,Relative emission reduction,2030,2040,17,percent,https://unfccc.int/sites/default/files/NDC/2022-06/Updated%20NDC_%20State%20of%20Palestine_2021_FINAL.pdf,"The State of Palestine, therefore, increases its commitment to reduce its GHG emissions by 17.5% by 2040 relative to the business-as-usual (BAU) levels under a scenario where the Israeli occupation continues (Status-quo Scenario), and by 26.6% by 2040 under a scenario where the Israeli occupation ends17 (Independence Scenario).",IGES:NDC_db:10.57405/iges-5005
IGES_NDC:unconditional:SD,SD,Relative emission reduction,2030,2030,38,percent,https://unfccc.int/sites/default/files/NDC/2022-10/Sudan%20Updated%20First%20NDC-12102021.pdf,"・Energy (non-biomass): 38% reduction
・Forestry & Energy (biomass): 45% reduction
・Waste: 20% reduction",IGES:NDC_db:10.57405/iges-5005
IGES_NDC:unconditional:SR,SR,Policies and actions,2008,2030,35,percent,https://unfccc.int/sites/default/files/NDC/2022-06/Suriname%20Second%20NDC.pdf,"・As a High Forest Cover, Low Deforestation (HFLD) country, Suriname remains committed to maintaining its 93% forest cover of more than 15.2 million ha. Suriname is maintaining a carbon sink of 13.1 Gt CO2e.
・Suriname ‘s commitment to reduce emissions through the use of renewable energy was reflected in the 2015 conditional contribution to ensure the share of renewable energy stays above 25% by 2025. This NDC extends and deepens the target with an unconditional contribution to maintain the share of electricity from renewable sources above 35% by 2030.",IGES:NDC_db:10.57405/iges-5005
IGES_NDC:unconditional:CH,CH,Absolute emission reduction,1990,2030,35,percent,https://unfccc.int/sites/default/files/NDC/2022-06/Swiss%20NDC%202021-2030%20incl%20ICTU_December%202021.pdf,"Switzerland is committed to follow recommendations of science in order to limit warming to 1.5 degrees Celsius. In view of its climate neutrality target by 2050, Switzerland’s NDC is to reduce its greenhouse gas emissions by at least 50 percent by 2030 compared with 1990 levels, corresponding to an average reduction of greenhouse gas emissions by at least 35 percent over the period 2021–2030. By 2025, a reduction of greenhouse gases by at least 35 percent compared with 1990 levels is anticipated. Internationally transferred mitigation outcomes (ITMOs) from cooperation under Article 6 of the Paris Agreement will partly be used. The methodological approaches underlying the Swiss NDC are included in this communication.",IGES:NDC_db:10.57405/iges-5005
IGES_NDC:unconditional:TJ,TJ,Absolute emission reduction,1990,2030,21,MtCO2e,https://unfccc.int/sites/default/files/NDC/2022-06/NDC_TAJIKISTAN_RUSS.pdf,"The Republic of Tajikistan is committed to an unconditional target which is an emissions cap of 60 to 70% of existing GHG emissions in 1990 level by 2030, which stands at 21.32 to 24.87 MtCO₂eq by 2030, or 1.9 to 2.2 tCO2eq per capita.
The conditional target of reducing GHG emissions in the Republic of Tajikistan would have an emissions cap of 50 to 60% compared to the 1990 level by 2030, which stands at 17.76 to 21.32 MtCO₂eq by 2030, or 1.5-1.9 tCO₂eq per capita if support in terms of finance, technology transfer and capacity building is provided to the Republic of Tajikistan by the international community.",IGES:NDC_db:10.57405/iges-5005
IGES_NDC:unconditional:TH,TH,Relative emission reduction,2030,2030,20,percent,https://unfccc.int/sites/default/files/NDC/2022-06/Thailand%20Updated%20NDC.pdf,"Thailand intends to reduce its greenhouse gas emissions by 20 percent from the projected BAU level by 2030. The level of contribution could increase up to 25 percent, subject to adequate and enhanced access to technology development and transfer, financial resources and capacity building support. Thailand in formulating its Long-term Low Greenhouse Gas Emission Development Strategy (LT-LEDS) which will guide Thailand towards a climate-resilient and low greenhouse gas emissions development and serve as a basesi for enhancing its subsequent NDCs.",IGES:NDC_db:10.57405/iges-5005
IGES_NDC:unconditional:TG,TG,Relative emission reduction,2030,2030,20,percent,https://unfccc.int/sites/default/files/NDC/2022-06/CDN%20Revis%C3%A9es_Togo_Document%20int%C3%A9rimaire_rv_11%2010%2021.pdf,"[translated] Overall, Togo's contribution amounts to 50.57%, or 15,378.55 Gg CO2-eq by 2030, distributed as follows:
✓ Unconditional target: 20.51% ;
✓ Conditional target: 30.06%.",IGES:NDC_db:10.57405/iges-5005
IGES_NDC:unconditional:TO,TO,Absolute emission reduction,2006,2030,13,percent,https://unfccc.int/sites/default/files/NDC/2022-06/Tonga%27s%20Second%20NDC.pdf,"Energy: 13% (16 Gg) reduction in GHG emissions by 2030 compared to
2006,
AFOLU: non-emission targets of establishing a forest inventory as
prerequisite to identify a GHG emission target for the 2025 NDC and
planting one million trees by 2023,
Waste: non-emission target of expanding the formal waste collection
system as prerequisite to identify a GHG emission target for the 2025 NDC.",IGES:NDC_db:10.57405/iges-5005
IGES_NDC:unconditional:TT,TT,Relative emission reduction,2030,2030,15,percent,https://unfccc.int/sites/default/files/NDC/2022-06/Trinidad%20and%20Tobago%20Final%20INDC.pdf,"Trinidad and Tobago's aim is to achieve a reduction objective in overall emissions from the three sectors by 15% by 2030 from BAU, which in absolute terms is an equivalent of one hundred and three million tonnes (103,000,000) of CO2e. Trinidad and Tobago will commit to unconditionally reduce its public transportation emissions by 30% or one million, seven hundred thousand tonnes (1,700,000) CO2e compared to 2013 levels by December 31, 2030.",IGES:NDC_db:10.57405/iges-5005
IGES_NDC:unconditional:TN,TN,Carbon intensity reduction,2010,2030,27,percent,https://unfccc.int/sites/default/files/NDC/2022-06/Tunisia%20Update%20NDC-french.pdf,"[translated]
Tunisia's updated NDC targets a 45% reduction in its carbon intensity in 2030 compared to 2010.
Tunisia's ""unconditional"" contribution corresponds to to a 27% reduction in carbon intensity in 2030 compared to that of the reference year 2010.
The ""conditional"" contribution provides for an additional reduction in carbon intensity in 2030 of 18% compared to the 2010 base year.",IGES:NDC_db:10.57405/iges-5005
IGES_NDC:unconditional:TR,TR,Relative emission reduction,2030,2030,21,percent,https://unfccc.int/sites/default/files/NDC/2022-06/The_INDC_of_TURKEY_v.15.19.30.pdf,Up to 21 percent reduction in GHG emissions from the Business as Usual (BAU) level by 2030.,IGES:NDC_db:10.57405/iges-5005
IGES_NDC:unconditional:TV,TV,Absolute emission reduction,2010,2025,60,percent,https://unfccc.int/sites/default/files/NDC/2022-06/TUVALU%20INDC.pdf,"Tuvalu commits to reduction of emissions of green-house gases from the electricity generation (power) sector, by 100%, ie almost zero emissions by 2025. Tuvalu’s indicative quantified economy-wide target for a reduction in total emissions of GHGs from the entire energy sector to 60% below 2010 levels by 2025.",IGES:NDC_db:10.57405/iges-5005
IGES_NDC:unconditional:UG,UG,Relative emission reduction,2030,2030,6,percent,https://unfccc.int/sites/default/files/NDC/2022-09/Updated%20NDC%20_Uganda_2022%20Final.pdf,"Uganda has committed to reduce her economy-wide Greenhouse gas emissions by 24.7% in 2030 below the BAU baseline. 82.7% of the mitigation action will come from the Agriculture, Forestry and Other Land Use AFOLU sector.
Uganda will use domestic sources of support to reduce emissions by 5.9% below the BAU trajectory in 2030 (un conditional contribution). International support in form of financial, capacity-building and technology transfer, will enable the country to reduce emissions by 18.8% in 2030 below the BAU (conditional contribution).",IGES:NDC_db:10.57405/iges-5005
IGES_NDC:unconditional:UA,UA,Absolute emission reduction,1990,2030,65,percent,https://unfccc.int/sites/default/files/NDC/2022-06/Ukraine%20NDC_July%2031.pdf,"Ukrainian NDC target corresponds to an economy-wide absolute GHG reduction of 65 % by 2030, compared to 1990 GHG emissions level.",IGES:NDC_db:10.57405/iges-5005
IGES_NDC:unconditional:AE,AE,Relative emission reduction,2030,2030,31,percent,https://unfccc.int/sites/default/files/NDC/2022-09/UpdateNDC-EN-2022.pdf,"Reduction of 31% in GHG emissions, measured in CO2eq, relative to BAU in 2030. BAU scenario emissions in 2030 are projected to be about 301.2
million tons, assuming a moderate annual linear sector specific growth rate in line with projected economic growth, national circumstance and historical trends. The BAU scenario includes all mitigation measures implemented prior to and during 2016.",IGES:NDC_db:10.57405/iges-5005
IGES_NDC:unconditional:GB,GB,Absolute emission reduction,1990,2030,68,percent,https://unfccc.int/sites/default/files/NDC/2022-09/UK%20NDC%20ICTU%202022.pdf,"the UK commits to reducing economy-wide greenhouse gas emissions by at least 68% by 2030, compared to 1990 levels.",IGES:NDC_db:10.57405/iges-5005
IGES_NDC:unconditional:TZ,TZ,Relative emission reduction,2030,2030,30,percent,https://unfccc.int/sites/default/files/NDC/2022-06/TANZANIA_NDC_SUBMISSION_30%20JULY%202021.pdf,"Tanzania will reduce greenhouse gas emissions economy-wide between 30
- 35% relative to the Business-As-Usual (BAU) scenario by 2030, whereby
about 138 - 153 Million tons of Carbon dioxide equivalent (MtCO2e)-gross
emissions is expected to be reduced, depending on the baseline efficiency
improvements, consistent with its sustainable development agenda. The
emissions reduction is subject to review after the First Biennial Update
Report (BUR) and Updated GHG inventory in the country.",IGES:NDC_db:10.57405/iges-5005
IGES_NDC:unconditional:US,US,Absolute emission reduction,2005,2030,50,percent,https://unfccc.int/sites/default/files/NDC/2022-06/United%20States%20NDC%20April%2021%202021%20Final.pdf,the United States is setting an economy-wide target of reducing its net greenhouse gas emissions by 50-52 percent below 2005 levels in 2030.,IGES:NDC_db:10.57405/iges-5005
IGES_NDC:unconditional:UY,UY,Carbon intensity reduction,1990,2025,24,percent,https://unfccc.int/sites/default/files/NDC/2022-06/Uruguay_Primera%20Contribuci%C3%B3n%20Determinada%20a%20nivel%20Nacional.pdf,"Global objectives for GHG emissions intensity regarding the evolution of the economy:
• 24% (unconditional) or 29% (conditional) reduction in CO2 emissions intensity per GDP unit
• 57% (unconditional) or 59% (conditional) reduction in CH4 emissions intensity per GDP unit
• 48% (unconditional) or 52% (conditional) reduction in N2O emissions intensity per GDP unit",IGES:NDC_db:10.57405/iges-5005
IGES_NDC:unconditional:UZ,UZ,Carbon intensity reduction,2010,2030,35,percent,https://unfccc.int/sites/default/files/NDC/2022-06/Uzbekistan_Updated%20NDC_2021_RU.pdf,The Republic of Uzbekistan has increased its commitments in the updated natio nally determined contribution (NDC) and intends to reduce specific gree nhouse gas emissions per unit of GDP by 35% by 2030 from the level of 2010 instead of 10% specified in the NDC1.,IGES:NDC_db:10.57405/iges-5005
IGES_NDC:unconditional:VE,VE,Relative emission reduction,2030,2030,20,percent,https://unfccc.int/sites/default/files/NDC/2022-06/Actualizacion%20NDC%20Venezuela.pdf,"[Translated] The Bolivarian Republic of Venezuela ratifies its commitment to reduce its GHG emissions by 20% by 2030 compared to the baseline scenario. To this end, the country envisages activities in various sectors between adaptation and mitigation actions, with adaptation being the national priority. The extent to which this target is achieved will depend on the fulfilment of developed countries' commitments in terms of the provision of finance, technology transfer and capacity building in accordance with the provisions of Article 4.7 of the Convention.",IGES:NDC_db:10.57405/iges-5005
IGES_NDC:unconditional:VN,VN,Relative emission reduction,2030,2030,9,percent,https://unfccc.int/sites/default/files/NDC/2022-06/Viet%20Nam_NDC_2020_Eng.pdf,"• With domestic resources, by 2025 Viet Nam will have reduced total GHG emissions by about 7.3% compared to the BAU scenario (equivalent to 52.9 million tonnes of CO2eq), and by 2030 Viet Nam will have reduced total GHG emissions by about 9% compared to the BAU scenario (equivalent to 83.9 million tonnes of CO2eq).
• The above-mentioned 9% contribution can be increased to 27% by 2030 (equivalent to 250.8 million tonnes of CO2eq) with international support received through bilateral, multilateral cooperation as well as through the implementation of market and non-market mechanisms under Article 6 of the Paris Agreement, in line with the socio-economic conditions and international conventions to which Viet Nam is signatory.
• Its sectoral scope was broadened (i.e., IP sector will be covered).",IGES:NDC_db:10.57405/iges-5005
IGES_NDC:unconditional:YE,YE,Relative emission reduction,2030,2030,1,percent,https://www4.unfccc.int/sites/submissions/INDC/Published%20Documents/Yemen/1/Yemen%20INDC%2021%20Nov.%202015.pdf,"A 1 percent reduction in GHG emissions by 2030 compared to a business as usual (BAU) scenario. An additional 13 % reduction achievable under certain conditions, which would bring the total GHG reduction to 14 percent below BAU emission levels by 2030",IGES:NDC_db:10.57405/iges-5005
IGES_NDC:unconditional:ZM,ZM,Relative emission reduction,2030,2030,25,percent,https://unfccc.int/sites/default/files/NDC/2022-06/Final%20Zambia_Revised%20and%20Updated_NDC_2021_.pdf,Zambia intends to reduce its greenhouse gas emissions by 25% (at Business As Usual (BAU) level of international support prevailing in 2015) and towards 47% (with substantial international support) compared to 2010 levels.,IGES:NDC_db:10.57405/iges-5005
